x,y,z
0.56922,0.031602,0
0.41436,-0.35514,0
-0.17573,-0.36464,0
0.31855,-0.43652,0
-0.28075,-0.29686,0
-0.097362,-0.15837,0
0.020905,-0.053242,0
-0.2222,-0.11324,0
0.69735,-0.28384,0
-0.036078,0.43891,0
-0.025548,0.060604,0
-0.14725,0.37468,0
-0.20669,-0.17763,0
0.34099,-0.24649,0
0.047496,0.0010077,0
-0.32323,-0.10356,0
-0.19043,0.092358,0
-0.10812,0.45915,0
-0.18178,-0.080261,0
0.46887,0.25854,0
0.44024,-0.25295,0
-0.13635,-0.3596,0
-0.82048,0.17975,0
-0.027639,-0.44355,0
-0.26014,0.16942,0
0.10278,0.12706,0
-0.38855,-0.36341,0
-0.33816,0.47511,0
0.30422,0.12268,0
0.24699,-0.34773,0
0.19253,-0.61675,0
-0.36405,-0.14658,0
0.084748,-0.070464,0
0.010671,0.029326,0
-0.54867,0.098672,0
0.38141,0.55376,0
0.4716,-0.23351,0
-0.30364,0.087217,0
-0.098334,0.0071428,0
0.1177,0.039957,0
-0.0467,-0.41312,0
-0.48387,0.32367,0
0.20781,-0.34404,0
0.35993,-0.36396,0
0.036089,-0.52998,0
0.6038,0.44984,0
-0.37532,0.18365,0
-0.28949,-0.015376,0
-0.21027,0.030128,0
0.31533,0.17209,0
0.63166,-0.2963,0
-0.001047,-0.1806,0
0.17411,-0.12398,0
-0.056894,0.34896,0
-0.44953,-0.10906,0
-0.087718,-0.055094,0
0.82397,0.24447,0
0.20462,-0.1091,0
-0.13808,0.29077,0
0.43703,0.12451,0
0.13725,0.13039,0
0.28367,-0.14902,0
-0.53903,0.5053,0
-0.23041,0.26651,0
-0.030651,-0.09247,0
0.51653,0.51133,0
0.029575,-0.47269,0
-0.21252,-0.34111,0
-0.038283,-0.4525,0
-0.23914,-0.6689,0
0.10138,0.30611,0
0.03145,-0.14483,0
0.15986,-0.40539,0
-0.29061,-0.019792,0
0.41843,-0.23632,0
-0.43889,0.25537,0
-0.10084,0.28655,0
-0.2476,0.37466,0
0.27913,0.70212,0
-0.094238,0.49864,0
-0.084063,0.25814,0
0.35724,-0.0087195,0
-0.1287,-0.44416,0
0.15758,-0.14231,0
-0.18412,-0.49024,0
-0.25267,-0.064981,0
-0.018407,0.010701,0
0.30286,0.23768,0
-0.079976,0.10464,0
-0.12526,-0.29912,0
0.18861,0.24821,0
0.048459,-0.60974,0
-0.51296,-0.17538,0
0.1966,0.21277,0
-0.047224,0.29889,0
0.34207,-0.48898,0
-0.22204,-0.11287,0
0.2408,-0.32578,0
-0.3795,0.28404,0
0.49723,0.52578,0
-0.66789,-0.2043,0
-0.13899,-0.28851,0
0.13272,-0.20755,0
0.39997,0.52428,0
0.25064,-0.16531,0
0.18515,-0.016593,0
0.36936,-0.44264,0
-0.10154,0.25006,0
-0.030046,0.39833,0
0.13174,0.049171,0
-0.43797,-0.55836,0
-0.79134,-0.41187,0
0.44244,-0.23218,0
-0.064528,0.092013,0
0.13809,-0.40241,0
-0.53757,-0.19381,0
0.35083,-0.24348,0
-0.50933,-0.037115,0
0.14758,-0.32889,0
0.47711,0.45348,0
0.42655,-0.23638,0
-0.086477,0.16983,0
0.30585,0.27016,0
-0.020272,0.066789,0
-0.1561,0.71936,0
-0.21516,-0.22163,0
-0.64689,-0.15586,0
-0.48064,0.18621,0
0.055534,0.67284,0
-0.48071,0.11059,0
-0.19971,-0.79609,0
0.29553,0.34672,0
0.070937,0.014364,0
-0.10663,0.26534,0
0.12127,0.38606,0
-0.63165,-0.41372,0
0.068554,-0.11506,0
0.037055,0.0193,0
-0.55212,-0.1306,0
0.41131,0.19836,0
-0.49582,0.31492,0
0.24187,0.17303,0
-0.10999,0.039257,0
-0.16654,-0.24906,0
-0.17742,-0.25811,0
-0.14305,-0.19405,0
-0.35246,0.25026,0
-0.27166,0.17986,0
-0.23104,0.058822,0
0.22446,-0.42653,0
-0.39687,-0.031315,0
0.01399,0.15782,0
0.090229,-0.35081,0
-0.45728,0.42642,0
0.48351,0.063435,0
-0.61886,-0.49452,0
-0.0050628,0.060355,0
-0.46136,-0.50557,0
0.0099361,-0.065957,0
-0.13288,0.29506,0
-0.14778,-0.21858,0
-0.25511,-0.38779,0
0.11083,-0.33732,0
-0.15564,0.066868,0
-0.11337,-0.4689,0
0.32777,0.9883,0
0.38712,-0.23311,0
0.21766,0.0184,0
-0.075469,-0.42948,0
0.11838,0.13798,0
-0.24619,-0.24857,0
-0.1533,0.39697,0
-0.40112,-0.026772,0
-0.21506,-0.0068839,0
-0.3186,0.33,0
-0.3583,-0.033848,0
-0.078457,0.25141,0
0.40255,-0.39894,0
-0.14772,0.034811,0
0.3571,0.31139,0
0.15004,0.10084,0
0.013827,0.062898,0
-0.078092,0.099339,0
-0.0048991,0.78341,0
1.1013,-0.33132,0
0.34585,0.22966,0
0.22193,-0.086047,0
0.33949,0.12045,0
-0.044252,-0.30608,0
0.48952,0.049685,0
0.18746,0.14435,0
0.063174,-0.26837,0
-0.34946,-0.070855,0
-0.22209,0.54535,0
-0.045427,0.49324,0
-0.1924,-0.20507,0
-0.2727,-0.044689,0
-0.04233,0.35701,0
0.79615,-0.049203,0
-0.028496,-0.49577,0
0.59971,0.1082,0
-0.077674,0.094226,0
0.022209,0.19377,0
-0.09343,-0.32435,0
0.30177,-0.17771,0
0.31414,-0.027048,0
0.072271,0.11819,0
0.72274,-0.47879,0
0.66162,0.2535,0
-0.067975,0.047925,0
0.41142,0.45715,0
0.27554,1.161,0
-0.39182,-0.039977,0
-0.037732,-0.25913,0
0.25569,-0.32242,0
0.4543,-0.12409,0
-0.1802,0.49071,0
-0.30269,-0.32611,0
-0.49009,0.86425,0
-0.14799,-0.32833,0
-0.30498,0.10956,0
-0.0011529,-0.54253,0
-0.14319,-0.42966,0
0.27376,0.067856,0
0.057682,-0.26796,0
0.19056,0.4707,0
-0.37073,-0.19699,0
-0.10909,0.29334,0
-0.057805,-0.18957,0
-0.25331,-1.1498,0
-0.050861,0.35843,0
0.09136,0.13769,0
0.00012311,-0.041304,0
0.4029,-0.068554,0
-0.22562,0.34234,0
-0.093366,-0.48051,0
-0.036876,-0.057883,0
0.21842,0.32106,0
0.13136,-0.26197,0
-0.48981,0.054258,0
-0.38413,-0.081381,0
0.1167,0.16329,0
0.12029,-0.43692,0
0.14758,0.26294,0
-0.018143,-0.52838,0
0.47211,0.25373,0
0.22602,0.019241,0
-0.70825,0.079802,0
-0.82601,-0.48328,0
-0.32629,0.10288,0
0.25881,-0.00842,0
0.067745,-0.063278,0
-0.069071,-0.41846,0
0.22877,0.52568,0
0.53276,0.35666,0
-0.029308,0.32446,0
0.98173,0.30806,0
0.10162,-0.55177,0
0.18707,-0.28876,0
-0.2785,0.36126,0
0.047075,0.6625,0
0.1882,0.12498,0
-0.24451,-0.00024576,0
-0.041604,0.25386,0
0.29618,-0.20559,0
-0.012319,-0.10568,0
0.25962,-0.40998,0
0.15818,0.052937,0
-0.085912,-0.084912,0
0.22738,0.37121,0
-0.26062,0.43421,0
-0.2681,-0.22496,0
-0.41641,-0.28152,0
-0.16573,0.024378,0
0.13563,0.064512,0
-0.22255,-0.28831,0
-0.24521,-0.2062,0
0.068082,0.03842,0
-0.17261,-0.037733,0
-0.26597,0.069555,0
-0.26388,-0.71765,0
-0.41053,-0.016921,0
0.18663,-0.15222,0
-0.74743,-0.13099,0
-0.015128,-0.0096443,0
0.024956,-0.046351,0
0.25925,0.11203,0
0.11297,0.18184,0
0.10125,-0.11318,0
0.45287,-0.12592,0
-0.52836,-0.49658,0
-0.2977,0.080007,0
-0.33808,-0.37392,0
-0.1695,-0.2144,0
-0.40209,-0.069508,0
0.33905,-0.36799,0
0.011142,0.33116,0
-0.0013152,0.032273,0
0.09927,0.18832,0
-0.21086,0.033531,0
-0.57893,0.099797,0
-0.086005,-0.10755,0
-0.029459,-0.14686,0
-0.13552,0.48641,0
0.87327,0.38059,0
-0.0079365,0.14359,0
-0.15722,-0.053728,0
0.57174,-0.26073,0
-0.019454,-0.51238,0
0.30629,0.38915,0
0.049673,-0.043254,0
-0.29095,0.2636,0
0.48437,0.46679,0
-0.068915,-0.46055,0
0.11888,-0.24492,0
-0.54071,-0.091466,0
0.55134,-0.22103,0
0.18415,-0.38097,0
0.58271,0.02341,0
-0.051808,-0.15707,0
0.074181,-0.19962,0
-0.42589,0.0070224,0
-0.010797,0.089423,0
-0.27945,-0.28341,0
-0.082418,-0.045866,0
-0.25585,-0.28269,0
0.014233,-0.076216,0
0.3204,0.13465,0
0.28961,-0.038775,0
-0.32836,-0.16506,0
0.10935,-0.5468,0
-1.1179,0.021776,0
-0.090634,-0.13962,0
0.11938,0.063215,0
0.025535,0.30307,0
0.61056,0.086383,0
0.42383,-0.32194,0
0.38173,-0.29293,0
-0.14178,0.067684,0
-0.36745,-0.24507,0
0.059546,0.016283,0
0.085895,-0.30661,0
-0.092748,0.15048,0
0.36758,-0.15389,0
-0.043937,-0.15371,0
0.20848,-0.67418,0
0.81822,-0.13647,0
-0.015042,0.036806,0
0.080086,-0.032322,0
-0.29697,0.076211,0
0.11747,0.6569,0
-0.0090128,-0.56813,0
0.18934,-0.19928,0
0.18347,0.58376,0
-0.25553,0.22652,0
-0.070162,0.3288,0
0.16775,0.11904,0
-0.45357,0.24193,0
0.044959,-0.10253,0
-0.11026,0.30285,0
-0.055802,-0.52945,0
-0.035201,0.13038,0
-0.51619,0.34856,0
-0.1407,0.17702,0
0.31003,0.080256,0
-0.58852,0.27951,0
0.23743,-0.016204,0
0.5781,-0.10624,0
-0.12633,0.34996,0
0.21724,-0.69904,0
-0.65538,-0.10477,0
0.31338,0.3436,0
-0.47642,-0.17814,0
0.10029,0.037611,0
-0.11678,0.33794,0
-0.078658,0.30559,0
0.48245,-0.027858,0
0.55151,-0.85018,0
0.16537,0.097032,0
-0.046845,0.0059409,0
-0.090827,-0.48104,0
0.042748,0.28703,0
-0.62082,-0.23756,0
-0.10923,0.44554,0
0.66826,-0.24665,0
-0.4218,0.29292,0
0.4525,-0.34361,0
0.40462,0.39643,0
0.096909,-0.057243,0
-0.091078,0.0092847,0
0.16187,-0.59911,0
0.71455,0.13373,0
-0.059878,0.16365,0
0.58418,0.020408,0
0.15252,0.077712,0
-0.013994,0.34382,0
0.49227,0.37683,0
-0.22891,0.066224,0
-0.012927,0.66358,0
0.057093,-0.23917,0
0.028443,-0.03015,0
0.41902,0.45431,0
0.1866,0.11548,0
-0.071518,0.11223,0
-0.33332,-0.11508,0
-0.23297,-0.41288,0
0.28945,0.48547,0
0.37587,-0.52258,0
0.50327,0.23076,0
-0.16976,0.37742,0
-0.25153,0.01368,0
0.40694,-0.63077,0
-0.16433,-0.27059,0
0.39276,0.21868,0
-0.96224,-0.26492,0
0.072502,0.38785,0
0.185,0.26606,0
-0.01265,-0.11714,0
-0.3644,-0.27367,0
-0.072356,0.073165,0
0.15354,0.0061166,0
-0.097445,0.01233,0
0.24251,0.38105,0
0.22431,0.15834,0
0.12386,0.51719,0
-0.030487,-0.45574,0
-0.21072,-0.34654,0
-0.20777,0.34638,0
0.60153,-0.46519,0
-0.44241,-0.26783,0
-0.30682,-0.29515,0
-0.15236,0.078939,0
0.36044,-0.038095,0
-0.16822,0.35223,0
-0.3228,0.29804,0
-0.32065,0.19672,0
0.23484,-0.29971,0
0.28915,-0.22899,0
-0.13215,-0.11006,0
0.31542,-0.34046,0
-0.02221,-0.45158,0
0.29985,-0.34003,0
-0.20824,-0.27842,0
0.67075,0.16662,0
0.18982,0.10815,0
-0.0074619,-0.19068,0
0.075983,-0.32553,0
-0.2986,-0.026196,0
-0.39557,-0.072501,0
-0.47487,-0.29614,0
-0.92136,-0.13766,0
0.065919,0.28385,0
0.61859,-0.16573,0
-0.27887,0.49991,0
-0.0098806,0.29406,0
-0.27189,0.21149,0
-0.13212,0.067654,0
0.18267,-0.48924,0
0.20148,-0.28729,0
0.44997,-0.00078368,0
-0.50619,0.29389,0
0.15876,0.17952,0
0.37757,0.16618,0
-0.14937,-0.19953,0
0.30254,-0.33726,0
-0.22538,0.073726,0
0.27216,-0.21306,0
-0.20928,-0.2568,0
-0.33681,-0.19346,0
0.14207,0.36113,0
0.58832,0.26083,0
0.081811,0.011258,0
0.61676,-0.010979,0
0.69828,0.17746,0
-0.019367,0.062832,0
0.11868,-0.29356,0
0.71579,-0.27501,0
-0.15864,-0.097544,0
0.17783,0.46671,0
0.056666,-0.012861,0
0.042642,0.14381,0
-0.45071,-0.098537,0
0.02684,0.29929,0
0.04508,0.10685,0
-0.10664,0.07543,0
0.35957,-0.41873,0
-0.64866,0.17422,0
-0.15932,-0.18712,0
0.22075,0.40223,0
0.48553,0.024404,0
0.06611,0.014642,0
0.22951,-0.20872,0
0.070095,0.19703,0
0.065732,-0.25285,0
0.17283,0.47011,0
-0.41014,0.46724,0
-0.1235,0.64631,0
-0.012544,-0.33075,0
-0.27859,-0.018565,0
0.28671,-0.40899,0
1.7551,1.4712,1
1.3611,1.6781,1
1.3591,1.4201,1
1.4785,1.0606,1
1.6925,2.0713,1
1.3188,2.0837,1
1.1313,1.8354,1
1.9416,1.6662,1
2.1906,1.5265,1
1.8267,1.6555,1
1.4098,0.92987,1
1.3368,1.6943,1
1.4667,1.924,1
0.98358,1.4879,1
1.6716,2.1519,1
0.96988,1.3989,1
1.5561,1.8101,1
1.8144,0.92981,1
1.5026,1.6934,1
1.744,2.1382,1
1.3407,0.89371,1
1.828,2.006,1
1.7936,1.3106,1
2.0046,1.5074,1
1.313,1.3146,1
1.26,1.2814,1
1.5036,1.6943,1
1.5519,1.5731,1
0.84372,1.325,1
1.182,0.97055,1
1.9183,1.5292,1
1.4744,1.3153,1
1.5783,1.7809,1
1.6142,0.73944,1
1.5521,1.5557,1
2.2052,1.6962,1
1.39,1.9831,1
1.8772,1.4213,1
1.0842,1.3786,1
1.9508,1.3412,1
1.0101,1.1803,1
1.2844,1.4377,1
1.8979,1.4541,1
1.4471,1.3136,1
1.8056,1.5933,1
1.2641,1.5988,1
1.8457,1.4676,1
1.5483,1.3963,1
1.3844,1.6553,1
1.7623,1.6794,1
1.3278,1.9031,1
1.5623,1.8659,1
1.3028,1.7091,1
1.5889,1.5315,1
1.5801,0.81488,1
1.6432,1.4551,1
1.3207,1.9036,1
1.2544,0.64911,1
1.5345,1.0733,1
1.554,0.92704,1
1.3826,1.714,1
1.4737,1.4693,1
1.6875,0.92217,1
1.6248,1.5294,1
1.8172,1.7499,1
1.9097,1.914,1
1.299,2.0213,1
0.96565,1.6163,1
1.0204,2.1125,1
1.2553,1.522,1
1.6317,1.1754,1
1.0996,1.5309,1
1.6739,1.7224,1
1.3007,1.5688,1
1.9105,1.3732,1
1.1922,1.5595,1
1.7526,1.4951,1
1.3301,1.2864,1
1.6472,1.9921,1
1.302,1.7486,1
1.7333,1.9918,1
1.3046,1.6454,1
1.8541,1.0628,1
1.9809,2.2111,1
1.0012,1.1811,1
1.6514,1.9194,1
1.6689,1.477,1
1.4127,1.6196,1
1.0284,1.675,1
1.7959,1.1644,1
0.80604,0.87989,1
1.447,1.1261,1
2.0011,0.74849,1
1.6024,1.7029,1
1.489,1.3328,1
1.3311,1.565,1
1.2325,0.92008,1
1.5508,0.98619,1
1.8826,1.7361,1
2.3286,1.0557,1
1.4165,1.5331,1
1.7321,1.072,1
1.4599,1.743,1
1.6591,1.5929,1
1.7805,2.2245,1
1.0467,2.1266,1
1.682,1.8175,1
1.309,1.5633,1
1.6386,2.0537,1
1.6958,1.5399,1
0.98725,1.488,1
1.207,1.6525,1
1.2117,1.6899,1
1.5806,1.1545,1
1.5521,1.2874,1
1.6961,1.9164,1
1.6759,1.8822,1
1.9694,1.7378,1
1.4835,1.228,1
1.5123,1.189,1
1.4509,1.0397,1
1.6014,1.804,1
1.1713,1.1935,1
1.2845,1.7573,1
1.6346,1.7088,1
1.4667,1.5655,1
1.0831,1.583,1
1.9256,2.1838,1
1.4828,1.465,1
1.3325,1.1041,1
1.2271,1.1035,1
1.527,2.0144,1
1.466,1.6334,1
1.5044,1.4108,1
1.5076,1.6431,1
1.3209,0.96046,1
1.1927,1.1046,1
1.315,0.9493,1
1.071,1.8333,1
0.9379,1.6535,1
1.4279,1.3064,1
1.1653,1.2918,1
2.0191,0.92034,1
0.7318,1.7695,1
1.9694,1.728,1
1.8323,1.1699,1
1.4659,1.6431,1
1.2049,1.0536,1
0.95948,1.5858,1
1.7082,1.714,1
1.416,1.0161,1
1.3704,1.4994,1
1.9373,0.68869,1
1.9007,0.9818,1
1.6616,1.705,1
0.82801,1.4854,1
1.6557,1.4956,1
1.7668,1.3144,1
1.15,0.9541,1
1.1035,1.6231,1
1.5815,1.0767,1
0.90827,0.82657,1
1.5337,1.2733,1
1.1623,1.9931,1
1.7589,1.8532,1
1.0982,1.0062,1
1.7817,1.3468,1
1.1446,1.6747,1
1.7688,1.4735,1
1.0885,0.92816,1
0.96641,1.4032,1
1.4691,1.7789,1
1.5482,1.4551,1
1.846,1.7003,1
1.6541,1.4703,1
1.3976,1.643,1
1.2487,1.8798,1
1.6271,1.9401,1
0.9252,1.4547,1
1.1666,1.4572,1
1.5698,0.81066,1
1.4148,1.9623,1
1.791,1.4836,1
1.8906,1.6019,1
1.4821,1.3082,1
2.0588,1.8509,1
1.1104,1.6634,1
1.0243,1.5581,1
1.9989,1.6137,1
0.95664,1.0619,1
1.1679,1.6836,1
1.2578,1.4822,1
1.5782,1.6988,1
1.5311,1.3278,1
2.0621,1.4973,1
1.3116,1.7499,1
1.6734,1.598,1
1.5736,1.0902,1
1.5742,1.8224,1
1.8193,1.9011,1
1.4123,1.6742,1
1.8011,1.395,1
1.7086,0.91339,1
0.95094,0.72881,1
1.7706,1.9263,1
1.1801,1.7836,1
1.3353,1.8146,1
2.1646,0.83495,1
1.2786,1.4914,1
1.2723,1.5941,1
1.7992,1.606,1
1.3744,1.2884,1
1.3774,1.6126,1
1.1856,1.4089,1
1.6279,1.6238,1
1.5194,1.2335,1
1.1618,1.8966,1
1.3234,1.4863,1
1.1928,1.3423,1
1.1767,0.90287,1
1.5133,1.6167,1
1.6577,1.4675,1
2.0045,0.9114,1
1.7579,1.5165,1
1.5123,1.017,1
1.3266,1.0076,1
0.85871,1.5415,1
0.62093,1.5501,1
1.4472,1.1099,1
1.704,1.6487,1
2.0058,1.286,1
1.4353,1.753,1
1.1786,1.1533,1
1.1943,1.5233,1
1.5793,1.0428,1
2.1393,1.5107,1
1.4582,1.5044,1
1.0489,1.5378,1
1.0129,1.8579,1
1.9063,2.0028,1
1.4924,1.5819,1
1.416,1.8494,1
1.3607,1.6239,1
1.5506,1.0672,1
1.3771,1.227,1
1.2374,1.8159,1
1.5057,1.4363,1
1.3274,1.3808,1
1.8517,1.8915,1
1.7028,1.5571,1
1.8848,1.7112,1
1.3751,1.3682,1
1.3845,1.755,1
1.6552,1.5342,1
1.1985,1.8245,1
1.8116,1.6137,1
1.6876,1.4506,1
1.4289,1.3569,1
1.31,1.4978,1
0.93112,1.1435,1
1.0052,1.2417,1
1.2336,0.95072,1
1.7808,1.6395,1
1.7148,1.5704,1
1.66,1.2089,1
1.2506,1.4988,1
1.4869,1.4886,1
1.8596,1.3615,1
1.5086,1.3189,1
1.2366,1.4592,1
0.80238,1.9029,1
1.6291,1.4854,1
1.4037,1.1183,1
1.3301,1.4853,1
0.77126,1.6643,1
1.4488,1.4475,1
1.5127,1.3573,1
1.879,1.0615,1
1.9009,1.6748,1
1.5015,1.4855,1
1.4043,1.7035,1
1.6851,1.522,1
1.4253,1.7151,1
1.67,1.5226,1
1.7255,1.3081,1
1.1927,1.4637,1
1.5066,1.3155,1
1.6015,0.99292,1
1.316,1.4015,1
0.85638,1.2885,1
1.7135,1.0108,1
0.81313,1.6171,1
1.8947,1.6566,1
1.6717,1.6533,1
2.1671,1.5055,1
1.795,1.4371,1
1.4524,1.4929,1
1.1789,1.355,1
1.7605,1.6153,1
0.97777,1.9215,1
1.5066,1.7282,1
1.4226,1.6747,1
1.2034,1.7868,1
1.8942,1.5934,1
1.6175,2.1763,1
1.5021,1.6103,1
1.2018,1.4234,1
2.1216,1.1436,1
1.2882,1.8096,1
1.553,1.3626,1
1.0586,1.3332,1
1.2592,1.5614,1
1.114,1.4693,1
1.2444,1.5367,1
1.0731,1.439,1
1.8702,1.6347,1
1.8382,1.6272,1
1.3944,1.7978,1
2.1015,1.9186,1
0.89055,1.4522,1
1.5146,1.0958,1
1.5788,1.8143,1
1.7245,1.2207,1
1.5447,2.0936,1
1.1864,2.1437,1
1.5349,1.4699,1
2.1643,0.98795,1
1.2696,1.6542,1
1.3866,1.7265,1
1.0214,1.6824,1
1.4161,1.5418,1
1.7312,1.7575,1
2.1183,1.3947,1
1.0435,1.5011,1
1.7199,1.6243,1
1.6527,1.3603,1
1.5301,1.566,1
1.5951,1.0487,1
1.5938,1.0735,1
1.7053,1.5986,1
0.75878,1.3232,1
1.209,1.1006,1
1.2955,1.2294,1
1.775,1.4788,1
1.077,1.7125,1
1.3579,1.3254,1
1.4291,1.1595,1
2.2754,1.2396,1
1.7173,1.4,1
1.3398,1.3721,1
1.295,1.4076,1
1.3829,1.6664,1
1.1557,1.3374,1
1.5915,1.6503,1
1.6145,1.3179,1
1.2703,0.9877,1
1.8516,1.6022,1
1.8249,0.87719,1
1.3447,1.6508,1
1.2118,1.8585,1
1.8318,1.1162,1
1.3699,1.3271,1
1.3776,2.2232,1
2.1068,1.7587,1
1.4857,1.3901,1
1.4918,1.5098,1
1.1332,1.1335,1
1.3606,1.268,1
0.79925,1.4206,1
0.71339,1.9764,1
1.1841,0.94555,1
1.139,0.98913,1
1.3097,1.3409,1
1.7919,1.7568,1
1.2447,2.2115,1
1.7804,1.2029,1
1.2237,1.8629,1
1.6942,1.7502,1
0.86037,2.1952,1
1.5852,1.057,1
1.2754,1.0325,1
1.2677,1.485,1
0.99857,1.5664,1
1.9514,1.2022,1
1.573,1.4145,1
1.6128,1.8008,1
1.7634,1.0194,1
1.4137,1.3862,1
1.1367,1.4602,1
1.8126,1.6201,1
1.4262,1.4294,1
1.4482,1.5943,1
1.925,0.83363,1
1.1803,1.3774,1
1.4237,1.3344,1
1.3616,1.5194,1
0.97011,1.7263,1
1.8207,0.81128,1
1.5426,1.1304,1
1.3234,1.7316,1
1.3085,2.0161,1
1.6746,1.759,1
2.0366,2.0952,1
0.89194,1.6576,1
1.7379,1.9533,1
1.8495,1.0985,1
1.7684,1.6787,1
1.9122,1.4352,1
2.2288,0.90654,1
1.1957,1.2914,1
1.6976,1.536,1
1.5731,1.3413,1
1.3545,1.203,1
1.5058,1.8425,1
1.8964,2.0799,1
1.4062,1.6149,1
2.0451,1.3049,1
1.6703,1.1362,1
1.5596,0.95445,1
1.443,1.3765,1
1.5606,0.9441,1
1.329,1.005,1
2.0841,1.7351,1
1.3739,1.4828,1
1.3428,1.9654,1
2.005,1.1521,1
1.1327,1.4419,1
1.3146,1.3832,1
1.6009,1.4066,1
0.8893,1.5749,1
1.5188,1.4395,1
1.5349,1.6253,1
1.2373,1.7769,1
1.6193,1.7449,1
1.3358,1.4768,1
1.2865,1.4874,1
1.5157,1.5016,1
1.4449,1.4098,1
1.904,2.3377,1
1.1834,1.71,1
1.3603,1.8929,1
0.49484,1.6495,1
1.6052,1.0823,1
1.2563,1.2282,1
1.4777,1.2284,1
1.8773,1.4283,1
1.6982,1.6644,1
1.243,1.9336,1
1.4906,1.4703,1
1.7392,1.6891,1
1.2898,1.8095,1
1.7196,1.9675,1
2.2357,1.6261,1
0.93563,1.0941,1
2.1138,1.4069,1
1.4375,1.8179,1
1.1929,1.361,1
0.70434,2.0224,1
1.5621,1.9571,1
1.6542,1.2507,1
1.6914,2.2551,1
1.672,1.2609,1
1.1677,1.9761,1
1.5499,2.0421,1
1.4413,1.0177,1
1.6167,1.3772,1
1.533,1.5695,1
1.7048,1.4718,1
1.5892,1.1672,1
1.5348,1.6683,1
1.3136,1.2452,1
1.575,1.6885,1
0.68232,1.939,1
1.1551,1.7209,1
1.5329,1.1131,1
1.673,1.565,1
1.1109,2.2276,1
1.4606,1.2039,1
1.1533,1.8796,1
1.5921,1.2565,1
1.3548,1.5268,1
1.1779,1.8072,1
1.0942,1.5001,1
2.1337,1.4171,1
1.6883,1.5023,1
1.9502,1.5217,1
1.8019,1.8686,1
1.1393,1.3801,1
2.0088,1.648,1
1.4496,1.5726,1
1.8371,1.3059,1
0.75916,1.2663,1
1.1851,1.1154,1
1.3818,1.5163,1
1.3967,1.7345,1
1.9187,1.4692,1
1.5103,0.96929,1
1.3125,1.0439,1
1.4412,0.981,1
1.684,1.26,1
-1.3102,1.4872,2
-1.7111,1.716,2
-2.6213,1.4531,2
-1.8224,1.2525,2
-1.4315,1.6794,2
-0.65226,1.8833,2
-0.70468,1.9953,2
-2.4381,1.2655,2
-1.7655,0.93782,2
-1.9671,1.4633,2
-0.93234,2.0662,2
-0.70112,1.6773,2
-1.5644,1.4948,2
-1.9308,1.5636,2
-1.7242,1.269,2
-1.5203,1.256,2
-1.147,1.7035,2
-1.2779,1.5055,2
-2.3895,2.2779,2
-2.3636,1.704,2
-1.3189,2.0103,2
-1.6908,1.9134,2
-2.498,1.286,2
-0.93944,1.6052,2
-1.7049,1.3728,2
-0.75199,2.0557,2
-1.8153,1.1878,2
-1.2795,1.5548,2
-1.266,1.1454,2
-1.3362,1.086,2
-0.62265,1.4508,2
-1.3489,1.7014,2
-1.7497,1.4046,2
-1.4285,1.3444,2
-0.84572,2.0608,2
-1.6216,1.7662,2
-1.5884,1.1479,2
-1.4421,1.6675,2
-2.2209,1.3972,2
-2.2315,1.4486,2
-1.9999,1.9726,2
-0.74474,0.72933,2
-0.88227,1.6153,2
-2.182,2.1263,2
-1.9467,1.247,2
-2.2044,1.7383,2
-2.0782,1.3016,2
-1.2137,1.7784,2
-0.96197,0.99009,2
-0.76536,1.0517,2
-0.97699,1.2224,2
-1.1599,1.8443,2
-1.2424,1.8547,2
-0.88627,1.2915,2
-2.6952,1.0468,2
-0.38813,1.7245,2
-1.5541,1.9577,2
-0.89669,1.1304,2
-0.75896,1.4489,2
0.21975,1.7011,2
-2.2699,1.4214,2
-2.359,1.4022,2
-2.6672,1.8464,2
-1.1788,1.671,2
-0.66325,0.95155,2
-0.60143,1.3236,2
-2.1023,2.1903,2
-0.72832,1.2969,2
-1.261,1.8143,2
-1.981,1.6061,2
-1.3689,1.5714,2
-1.7036,1.2217,2
-1.277,1.7944,2
-1.2166,1.3021,2
-1.9252,2.2842,2
-1.6444,1.2491,2
-1.8613,1.5372,2
-1.2411,1.3305,2
-2.586,1.551,2
-1.1046,1.6519,2
-0.50287,1.0505,2
-0.91826,1.5069,2
-2.0483,1.5836,2
-1.4029,1.2063,2
-1.2624,1.8301,2
-1.3516,1.6891,2
-1.7686,1.8214,2
-2.1872,1.6883,2
-1.8255,1.4622,2
-1.2591,1.0143,2
-1.4017,1.4404,2
-1.9111,1.1125,2
-0.43255,1.5637,2
-1.5789,1.3412,2
-2.2393,1.4884,2
-2.2973,1.5172,2
-1.8098,2.208,2
-1.7935,1.3021,2
-0.62054,1.8501,2
-1.1709,1.3861,2
-0.25218,1.1032,2
-0.45889,1.8655,2
-1.6516,0.95376,2
-1.4872,1.6618,2
-2.5893,1.1788,2
-0.5559,1.5798,2
-1.7854,2.2361,2
-1.5059,2.1652,2
-1.4371,1.691,2
-1.2778,1.6857,2
-1.7819,1.4078,2
-0.85581,1.38,2
-1.1039,1.7763,2
-0.37068,1.2012,2
-1.5174,1.4457,2
-1.4606,2.2167,2
-0.85916,1.5262,2
-1.6134,1.3579,2
-1.6246,0.8413,2
-1.6079,1.4242,2
-0.84021,1.3748,2
-1.4766,1.3674,2
-1.1044,1.3516,2
-2.0674,1.5073,2
-1.1788,1.9001,2
-1.6847,1.1536,2
-0.68103,1.5428,2
-1.3139,1.5009,2
-1.4073,1.1284,2
-1.0527,2.015,2
-0.074431,1.9728,2
-0.53186,1.7367,2
-1.2123,1.4101,2
-1.3895,1.1538,2
-1.0962,1.6768,2
-1.1977,1.7027,2
-1.7326,1.5176,2
-1.4763,1.0572,2
-1.6499,2.0381,2
-2.7866,1.0453,2
-0.80758,1.6195,2
-2.4257,1.4097,2
-2.1091,0.60502,2
-0.78367,1.5389,2
-0.90859,1.2061,2
-1.7831,1.8064,2
-2.5309,1.7061,2
-2.405,0.97034,2
-2.2572,1.36,2
-1.7929,1.5523,2
-3.3513,1.5653,2
-1.0257,1.9525,2
-1.7535,1.1894,2
-1.5876,1.5121,2
-1.7757,1.5469,2
-1.382,1.2198,2
-1.5478,1.8596,2
-1.172,1.0614,2
-0.22109,1.6841,2
-2.7556,1.2239,2
-1.1613,1.6566,2
-2.3622,1.1981,2
-0.28123,1.597,2
-1.4934,0.8272,2
-2.2803,1.0291,2
-1.9974,1.2919,2
-1.8213,1.5546,2
-2.3908,1.5461,2
-0.57074,1.4872,2
-2.5564,1.2202,2
-1.649,1.3462,2
-2.6075,1.0265,2
-1.193,1.0988,2
-1.805,0.65929,2
-0.74328,1.5573,2
-2.1075,1.5444,2
-1.4333,1.5713,2
-1.9012,1.1183,2
-2.1032,1.6011,2
-0.9153,1.6145,2
-0.40729,1.5577,2
-0.8796,2.2829,2
-0.34239,1.2128,2
-1.2593,1.4385,2
-1.1724,1.0703,2
-1.2616,1.8909,2
-1.8373,2.0289,2
-0.92943,1.0029,2
-1.8111,1.4583,2
-1.3016,2.123,2
-0.7295,1.5585,2
-1.4522,1.5177,2
-2.1994,1.6947,2
-1.8476,1.7156,2
-2.322,1.1498,2
-1.1491,1.5827,2
-2.1792,1.3308,2
-2.3633,1.0291,2
-0.7837,1.1256,2
-2.5769,1.5124,2
-0.96222,1.4059,2
-1.3832,1.1434,2
-1.5016,1.6728,2
-2.2014,1.24,2
-1.9766,1.8678,2
-1.5317,1.7773,2
-0.65808,1.3876,2
-2.1748,1.7873,2
-1.1526,1.5733,2
-2.0689,1.4482,2
-1.0092,1.6359,2
-1.6053,1.4168,2
-1.4794,1.073,2
-0.21803,1.7736,2
-1.7713,1.6142,2
-0.55139,1.2959,2
-1.7002,1.59,2
-1.7157,1.5122,2
-1.2451,1.0125,2
-2.4217,0.8168,2
-1.6208,1.4367,2
-1.6036,0.71723,2
-0.89926,1.5638,2
-1.1347,1.0413,2
-3.0676,1.5962,2
-1.132,1.1015,2
-1.4612,1.1126,2
-1.2774,1.9065,2
-1.9131,1.4892,2
-0.47536,1.1451,2
-1.3899,1.5555,2
-0.89947,1.3762,2
-2.7861,1.3564,2
-1.9824,1.3975,2
-1.1249,0.79009,2
-1.5721,0.97836,2
-1.5202,1.0724,2
-1.9669,1.6597,2
-1.7058,1.4692,2
-2.4235,1.6022,2
-0.82662,1.2409,2
-1.6287,0.96458,2
-0.53557,1.623,2
-0.89013,1.8581,2
-1.3715,1.4507,2
-1.1548,1.8657,2
-1.4252,1.5588,2
-2.3186,1.8894,2
-2.1034,1.2703,2
-1.595,1.302,2
-1.5767,1.6469,2
-1.46,1.8906,2
-0.49466,1.5479,2
-1.5176,1.8509,2
-1.263,1.4819,2
-1.7411,0.94363,2
-1.3978,1.0998,2
-1.1219,1.7166,2
-1.7601,1.7416,2
-1.9041,1.4953,2
-2.4412,1.4079,2
-2.0442,1.6543,2
-1.8945,1.2615,2
-1.7702,1.4943,2
-2.2115,1.0896,2
-0.87751,1.6193,2
-1.4572,1.0162,2
-0.88548,1.6132,2
-1.563,1.9446,2
-1.952,1.7283,2
-1.6043,1.3018,2
-0.52061,1.2525,2
-2.361,1.3937,2
-1.8864,2.3173,2
-2.4881,2.0899,2
-1.2248,1.6015,2
-0.53481,1.5682,2
-1.7025,1.6223,2
-0.76264,2.1392,2
-1.5866,1.615,2
-1.1104,1.3982,2
-1.5377,1.0194,2
-2.1783,2.0149,2
-0.84043,1.4819,2
-2.4676,1.6161,2
-0.71768,1.7468,2
-1.2958,1.0047,2
-2.4285,1.7871,2
-1.9266,1.6276,2
-1.2503,2.0927,2
-1.6291,1.3143,2
-2.1721,1.2744,2
-1.6226,2.3078,2
-1.9227,1.6001,2
-1.7574,1.6602,2
-1.4614,1.7415,2
-1.9186,1.1371,2
-0.81268,1.7724,2
-2.6739,1.8491,2
-1.7292,1.1601,2
-1.9801,1.7829,2
-1.5624,0.98865,2
-1.8166,1.6058,2
-0.91068,1.6633,2
-1.4976,0.90475,2
-1.9456,1.4202,2
-1.1585,1.1208,2
-1.5275,1.6655,2
-0.38961,1.5784,2
-1.1293,1.5005,2
-1.1275,1.3859,2
-1.2579,1.2739,2
-1.5823,1.2157,2
-1.3156,1.4473,2
-1.7623,1.2787,2
-1.9573,0.8103,2
-0.91178,1.1011,2
-0.75919,1.3213,2
-1.2449,1.0813,2
-1.7653,1.6647,2
-0.40428,1.3097,2
-1.6921,1.6915,2
-1.6279,1.2596,2
-1.0121,1.4257,2
-0.9522,1.4199,2
-0.74297,1.6367,2
-1.5184,1.4156,2
-0.91583,1.8143,2
-2.048,0.69577,2
-0.79865,1.655,2
-1.6219,2.1042,2
-2.5157,1.5915,2
-1.15,1.5101,2
-0.65834,1.4557,2
-0.94725,1.6922,2
-1.0534,1.5603,2
-1.7718,1.7755,2
-2.5587,1.8644,2
-0.98229,1.0685,2
-1.7794,1.6823,2
-1.116,1.1987,2
-1.6627,1.4894,2
-2.29,1.3745,2
-0.99981,1.6019,2
-1.5783,2.1267,2
-2.0418,1.5948,2
-0.67361,1.1538,2
-1.998,1.4502,2
-0.76852,1.0304,2
-2.0019,1.3623,2
-2.425,1.2821,2
-1.1415,2.1279,2
0.10263,1.374,2
-1.1963,1.6192,2
-1.2882,1.8184,2
-1.6107,1.2443,2
-1.1724,1.3855,2
-1.4731,0.92011,2
-1.8971,1.1634,2
-1.6866,1.6583,2
-2.0751,1.7189,2
-1.2351,1.3846,2
-1.7607,1.2557,2
-1.2119,1.5566,2
-1.843,1.5498,2
-1.0246,1.4423,2
-0.78974,1.7565,2
-0.78305,1.2234,2
0.074679,1.4379,2
-0.31516,1.5317,2
-1.6163,2.2592,2
-2.314,1.8872,2
-1.5773,1.4997,2
-1.5274,1.3685,2
-1.5637,1.1433,2
-2.0175,1.6029,2
-1.9273,1.2201,2
-1.75,1.4401,2
-1.6991,0.58207,2
-1.9484,1.7375,2
-0.95907,1.4702,2
-2.5235,1.5503,2
-0.25183,1.4184,2
-1.9928,1.9306,2
-1.5076,1.4596,2
-1.9363,1.6708,2
-1.3471,1.5519,2
-1.2131,1.5693,2
-1.9744,1.6027,2
-2.4339,1.2902,2
-1.4931,1.859,2
-1.4385,0.79502,2
-1.2109,1.596,2
-0.59085,1.4067,2
-2.198,1.6134,2
-2.1703,1.5424,2
-1.83,1.3849,2
-0.090931,0.91166,2
-1.9102,1.3852,2
-1.4075,1.4509,2
-2.1787,1.0616,2
-1.1264,1.3946,2
-0.79028,1.5266,2
-0.75617,1.789,2
-1.1709,1.469,2
-1.7455,1.4735,2
-1.1272,1.3561,2
-1.8045,2.0986,2
-2.7605,1.1062,2
-1.0257,1.8091,2
-1.2102,1.3359,2
-1.7893,1.6036,2
-2.0071,1.5416,2
-2.4844,1.5518,2
-2.3352,1.2737,2
-0.68709,1.8009,2
-1.6457,1.223,2
-1.6714,1.2191,2
-1.3971,1.6074,2
-0.93888,1.1012,2
-1.5234,1.7507,2
-1.6833,1.117,2
-1.9405,1.4158,2
-1.0402,1.1994,2
-1.9815,1.509,2
-0.99599,1.1209,2
-1.5782,1.4281,2
-1.32,2.2617,2
-1.0914,1.3151,2
-1.1785,1.3098,2
-1.2879,2.5223,2
-0.29474,1.7042,2
-0.49138,1.1289,2
-1.23,0.70922,2
-1.2085,1.3784,2
-1.8174,1.8524,2
-2.0142,1.5089,2
-1.6838,1.4989,2
-1.3541,1.7144,2
-1.1742,1.3424,2
-0.77782,1.7467,2
-1.7535,1.5689,2
-1.745,1.7287,2
-2.259,1.6455,2
-1.3839,1.2061,2
-0.95415,1.4751,2
-1.0973,1.3413,2
-2.6684,0.88826,2
-2.1729,2.1111,2
-2.274,1.7049,2
-1.2123,1.4808,2
-1.4933,1.3166,2
-0.54293,1.3156,2
-2.6058,1.5633,2
-1.8044,1.2717,2
-0.82691,1.313,2
-1.5113,1.7726,2
-1.5179,1.3876,2
-1.5482,1.0048,2
-0.076048,1.4826,2
-1.6834,1.3292,2
-1.1434,1.7014,2
-1.7627,1.6412,2
-0.54217,1.1118,2
-1.7477,1.9542,2
-2.2324,1.6718,2
-0.69743,1.0719,2
-1.757,1.5954,2
-1.5261,1.364,2
-2.0331,1.8098,2
-1.7597,1.2889,2
-2.2837,0.99076,2
-1.8483,1.8822,2
-1.8047,1.1586,2
-1.1294,1.4482,2
-1.5743,1.3544,2
-1.2801,1.5066,2
-0.90164,0.67687,2
-2.3163,0.94498,2
-1.5265,1.6804,2
-0.78189,1.5645,2
-2.3869,1.5086,2
-1.1807,1.0079,2
-0.20674,1.7057,2
-0.8642,0.86984,2
-1.5629,1.2758,2
-1.8375,1.5197,2
-1.3679,1.5557,2
-1.3158,1.4541,2
-1.9952,1.5357,2
-0.42169,1.8283,2
-0.98535,1.0863,2
-1.591,1.1949,2
-1.4997,1.794,2
-2.7043,1.5555,2
-0.43449,1.1844,2
-2.1421,1.5228,2
-0.44847,1.0109,2
-2.5327,1.7555,2
-1.0992,1.6757,2
